app,prompt,contributor,techstack
"多人3D飞机游戏","使用Three.js、HTML5、CSS3和JavaScript配合WebSocket创建沉浸式多人飞机战斗游戏。实现包含俯仰、偏航、滚转和油门控制的详细3D飞机模型与真实飞行物理。添加跟随玩家飞机的平滑摄像机控制并支持可配置视角（驾驶舱、追逐、轨道）。创建包含动态昼夜和天气效果的天空盒环境。使用WebSocket实现多人功能，实时同步位置、战斗和游戏状态。添加包含弹道物理、命中检测和伤害模型的武器系统。包含引擎尾气、武器开火、爆炸和损伤的粒子效果。创建显示速度、高度、航向、雷达、生命值和武器状态的HUD。使用Web Audio API实现引擎、武器、爆炸和环境音效。添加包含死亡竞赛和团队战斗的多种比赛模式及计分系统。包含支持不同武器和能力的可定制飞机配置。创建用于比赛创建和队伍分配的房间系统。实现客户端预测和延迟补偿以优化多人体验。添加显示玩家位置和目标的迷你地图。包含比赛回放和精彩片段生成系统。创建支持键盘/鼠标和游戏手柄的响应式控制方案。",@f,"HTML,CSS,JavaScript,Three.js,WebSocket"
"待办清单","使用HTML5、CSS3和原生JavaScript创建响应式待办应用。应用应采用CSS Grid/Flexbox实现现代简洁的UI和直观控制。实现包含增删改查功能的完整任务管理（添加/编辑/删除/完成任务）并添加平滑动画。包含颜色编码和优先级分类（低/中/高）。添加日期选择组件和提醒通知功能。使用localStorage实现会话间数据持久化。实现支持状态、分类和日期范围筛选的搜索功能。使用HTML5拖放API实现任务拖拽排序。确保设计完全响应式并使用媒体查询设置合理断点。包含尊重用户系统偏好的深色/浅色主题切换。添加微交互和过渡效果提升用户体验。",@f,"HTML,CSS,JavaScript"
"天气仪表盘","使用HTML5、CSS3、JavaScript和OpenWeatherMap API构建综合天气仪表盘。创建根据天气/昼夜变化显示实时天气条件的视觉界面（包含图标和背景变化）。显示包含每日小时级展开视图的5日天气预报。实现支持城市名和坐标的自动补全和历史记录的位置搜索。添加自动定位功能获取用户位置。包含温度单位（℃/℉）和时间格式切换。显示极端天气警报并高亮优先级。展示包含风速/风向、湿度、气压、紫外线指数和空气质量的详细气象数据。显示日出/日落时间并添加视觉指示。使用CSS Grid创建适应所有设备尺寸的响应式布局并合理调整信息密度。",@f,"HTML,CSS,JavaScript,API"
"科学计算器","使用HTML5、CSS3和JavaScript创建专业级科学计算器。实现符合运算优先级的基本算术运算。包含三角函数、对数函数、指数函数、统计函数并支持角度/弧度切换。添加带视觉指示的内存操作（M+/M-/MR/MC）。维护可滚动的计算历史记录并支持清除或保存。实现完整键盘支持和合理键位映射。添加针对除零、无效运算和溢出的错误处理及提示信息。创建根据屏幕尺寸/方向切换标准和科学布局的响应式设计。包含经典、现代、高对比度等多种主题选项。添加带音量控制的按键音效反馈。实现结果和表达式的复制粘贴功能。",@f,"HTML,CSS,JavaScript"
"Markdown笔记","使用HTML5、CSS3和JavaScript构建功能丰富的Markdown笔记应用。创建包含编辑器和实时预览的分屏界面。实现完整Markdown语法支持（包含表格、代码块语法高亮和LaTeX公式）。添加带嵌套分类、标签和收藏夹的层级组织系统。包含带过滤和内容索引的高级搜索功能。使用localStorage并支持导出/导入备份数据。支持导出笔记为PDF、HTML和Markdown格式。实现带语法高亮主题的自定义深色/浅色模式。创建适应不同屏幕尺寸的响应式布局并支持面板折叠。添加提升效率的键盘快捷键。包含带版本历史和恢复功能的自动保存系统。",@f,"HTML,CSS,JavaScript"
"番茄钟","使用HTML5、CSS3和JavaScript创建符合时间管理技术的综合番茄钟应用。设计包含动态圆形进度指示器的优雅界面。支持自定义工作时长（默认25分钟）、短休息（默认5分钟）和长休息（默认15分钟）。添加任务列表关联功能。包含带音量控制的间隔切换音效。实现包含日/周生产力统计的可视化图表。使用localStorage持久化设置和历史记录。作为PWA实现离线安装和通知功能。添加用于快速控制的键盘快捷键。包含支持自定义颜色和字体的多主题选项。添加工作时段防干扰的专注模式。",@f,"HTML,CSS,JavaScript"
"互动测验","使用HTML5、CSS3和JavaScript开发综合互动测验应用。创建包含问题过渡动画的吸引人界面。支持多项选择、是非题、配对题和简答题并实现自动评分。添加每题可配置计时器和视觉倒计时。实现基于难度和答题时间的积分追踪。显示动态进度条展示完成度。测验结束后提供包含解析的复习模式。使用localStorage实现持久化排行榜。按分类组织问题并添加自定义图标和描述。支持多难度等级影响评分和时限。生成包含分析建议的成绩报告。添加结果社交分享功能。",@f,"HTML,CSS,JavaScript"
"高级颜色选择工具","为设计师和开发者构建专业级颜色工具。创建包含吸管工具、色轮、滑块的直观界面。实时转换RGB、RGBA、HSL、HSLA、HEX、CMYK等颜色格式并支持复制。添加包含互补色、相邻色、三角配色等方案的调色板生成器。实现带命名收藏夹和导出功能的收藏系统。可视化展示配色和谐规则并支持交互调整。创建支持线性、径向和锥形渐变的渐变生成器。添加WCAG合规性检查、对比度检测和色盲模拟。实现一键复制CSS、SCSS和SVG代码片段。包含颜色命名算法。支持导出为Adobe ASE、JSON、CSS变量等格式。",@f,"HTML,CSS,JavaScript"
"安全密码生成工具","使用HTML5、CSS3和JavaScript创建加密安全的密码生成器。构建实时预览界面。支持自定义密码长度和不同安全等级预设。包含大小写、数字、符号的切换选项和视觉指示。实现显示熵值位数和破解时间的高级强度计。添加带确认和自动剪贴板清除的复制按钮。创建加密本地存储的密码保险库。支持批量生成多个密码。维护包含生成时间戳的密码历史。使用标准公式计算熵值。提供基于短语和模式的易记密码选项。包含加密导出功能。",@f,"HTML,CSS,JavaScript"
"健康指标计算器","基于医学标准使用HTML5、CSS3和JavaScript构建综合健康指标计算器。创建分步输入的简洁可访问界面。实现包含视觉分类刻度和健康风险评估的BMI计算。添加海军法、杰克逊-波洛克法和生物电阻抗模拟的体脂率计算。使用Hamwi、Devine、Robinson、Miller公式计算理想体重范围。实现包含基础代谢率（Harris-Benedict、Mifflin-St Jeor、Katch-McArdle公式）和基于活动量的每日总消耗热量计算。根据指标提供个性化健康建议。支持公制和英制单位转换。存储用户档案和测量历史并可视化趋势。生成交互式进度图表。创建包含所有指标的可打印/导出PDF报告。",@f,"HTML,CSS,JavaScript"
"货币兑换计算器","使用HTML5、CSS3、JavaScript和可靠汇率API开发综合货币转换器。创建包含醒目输入框和货币选择器的简洁界面。实现带时间戳显示的实时汇率。支持170+种货币（含加密货币）的符号和格式转换。维护包含时间戳和汇率的转换历史。允许收藏常用货币对。生成支持自定义时间范围的交互式历史汇率图表。实现使用缓存数据的离线功能并显示过期提示。添加用于复杂转换的内置计算器。创建目标汇率提醒功能。包含不同提供商的汇率对比。支持导出为PDF、CSV、JSON格式。",@f,"HTML,CSS,JavaScript,API"
"文件加密工具","使用HTML5、CSS3和Web Crypto API创建客户端文件加密工具。构建带进度指示的拖放文件选择界面。实现基于密码的PBKDF2密钥派生的AES-256-GCM加密。支持多文件批量加密。包含密码强度检测和熵值计算。生成带自定义扩展名的可下载加密文件。创建带密码验证的解密界面。实现敏感数据自动清除的安全内存处理。添加不存储敏感信息的加密操作日志。支持加密密钥的导入/导出并提示安全警告。使用流式加密支持大文件处理。",@f,"HTML,CSS,JavaScript"
"代码片段管理器","使用HTML5、CSS3和JavaScript构建开发者专用代码片段管理器。创建类IDE界面并支持30+种编程语言语法高亮。实现标签和分类系统组织代码片段。添加支持正则表达式和语言/标签筛选的高级搜索。包含带行号、缩进引导和括号匹配的代码编辑功能。支持代码片段的公开/私有可见性设置。实现JSON和Gist格式的导入/导出。添加常用操作的键盘快捷键。创建全设备兼容的响应式设计。包含自动保存和版本历史功能。实现保留语法格式的剪贴板复制功能。",@f,"HTML,CSS,JavaScript"
"预算追踪器","使用HTML5、CSS3和JavaScript开发综合预算追踪应用。创建显示收入、支出、储蓄和预算状态的直观仪表盘。实现包含分类、标签和定期交易的交易管理。添加按分类和时间段划分的交互式图表。包含预算目标设置、进度追踪和提醒功能。支持多账户管理和转账功能。实现设备摄像头的收据扫描和存储。添加CSV和PDF格式的报告导出。采用移动优先的响应式设计。包含数据备份和恢复功能。添加基于当前趋势的财务预测功能。",@f,"HTML,CSS,JavaScript"
"食谱查找器","使用HTML5、CSS3、JavaScript和食物API创建食谱查找应用。构建包含美食摄影和直观导航的视觉界面。实现按食材、菜系、饮食限制和准备时间的高级搜索。添加带星级系统的用户评分和评论。包含卡路里、营养素和过敏原的详细营养信息。支持食谱收藏和分类。实现带拖放功能的膳食计划日历。添加自动调整份量的食材换算功能。包含带步骤说明和计时器的烹饪模式。支持离线访问收藏食谱。添加社交分享功能。",@f,"HTML,CSS,JavaScript,API"
"看板工具","使用HTML5、CSS3和JavaScript构建看板项目管理工具。创建支持自定义列（待办、进行中、已完成等）的灵活布局。实现列间卡片拖放移动和动画效果。添加带富文本格式、标签、截止日期和优先级的卡片创建。包含用户头像分配和按负责人筛选。实现卡片评论和操作历史。添加列排序和主题配色的看板定制。支持多看板快速切换。使用localStorage实现数据持久化并提供导入/导出功能。创建适应不同屏幕的响应式设计。添加常用操作的键盘快捷键。",@f,"HTML,CSS,JavaScript"
"音乐播放器","使用HTML5、CSS3和JavaScript配合Web Audio API开发网页音乐播放器。创建包含专辑封面和可视化效果的现代界面。实现支持拖放排序的播放列表管理。添加播放/暂停、跳过、定位、音量和播放速度控制。包含带视觉指示的随机播放和循环模式。支持多音频格式并实现回退机制。实现10段均衡器和预设。添加音频元数据提取和显示。创建全设备兼容的响应式设计。包含播放控制的键盘快捷键。支持媒体会话API的后台播放。",@f,"HTML,CSS,JavaScript"
"绘图应用","使用HTML5 Canvas、CSS3和JavaScript创建互动绘图应用。构建包含直观工具选择的简洁界面。实现画笔、铅笔、形状、文字和橡皮擦等绘图工具。添加最近颜色、颜色选择器和调色板功能。包含支持透明度和混合模式的图层系统。实现历史状态的撤销/重做功能。支持PNG、JPG、SVG等格式的图像导入/导出。支持画布缩放和旋转。实现缩放和平移导航。添加移动、缩放和变换的选区工具。包含常用操作的键盘快捷键。",@f,"HTML,CSS,JavaScript"
"冥想计时器","使用HTML5、CSS3和JavaScript构建正念冥想计时器。创建自然风格的无干扰界面。实现包含准备、冥想和休息时段的自定义冥想会话。添加自然音效、双耳节拍和白噪音选项。包含自定义语音提示的引导冥想。实现音量控制和音效选择的间隔铃声。添加会话历史和统计追踪。创建带动画的视觉呼吸引导。作为PWA支持离线使用。包含深色模式和多主题选项。添加带提醒的会话排程功能。",@f,"HTML,CSS,JavaScript"
"闪卡学习系统","使用HTML5、CSS3和JavaScript开发综合闪卡学习系统。创建卡片创建和复习的直观界面。实现间隔重复算法优化学习效率。支持卡片添加文字、图片和音频。包含按牌组和标签分类的功能。实现带学习进度追踪的复习模式。添加信心等级的自我评估。创建显示学习进度的统计仪表盘。支持标准格式的牌组导入/导出。实现提升效率的键盘快捷键。添加深色模式和自定义主题。",@f,"HTML,CSS,JavaScript"
"习惯追踪器","使用HTML5、CSS3和JavaScript创建习惯追踪应用。构建显示日/周/月视图的简洁界面。实现包含频率、提醒和目标的习惯创建。添加带视觉指示的连续记录和里程碑庆祝。包含详细统计和进度图表。支持分类标签组织习惯。实现日历集成排程。添加数据可视化展示规律和趋势。创建全设备响应式设计。包含数据导出和备份功能。添加成就和奖励的趣味化元素。",@f,"HTML,CSS,JavaScript"
"文本分析工具","使用HTML5、CSS3和JavaScript构建综合文本分析工具。创建包含文本输入和结果面板的简洁界面。实现字数、字符数和阅读时间估算。添加Flesch-Kincaid、SMOG、Coleman-Liau等可读性评分。包含关键词密度分析和可视化。实现情感分析和情绪检测。添加语法和拼写检查及建议。包含文本相似度对比功能。支持多语言和自动检测。添加分析报告导出功能。实现文本格式化和清理工具。",@f,"HTML,CSS,JavaScript"
"图像编辑器","使用HTML5 Canvas、CSS3和JavaScript开发网页图像编辑器。创建包含工具面板和预览区的专业界面。实现亮度、对比度、饱和度、锐度等基础调整。添加支持参数自定义的滤镜。包含保持比例的裁剪和缩放功能。实现带字体选择和样式的文本叠加。添加填充和描边的形状绘制工具。包含混合模式的图层管理。支持多格式多质量导出。创建响应式设计适配屏幕尺寸。实现历史状态的撤销/重做功能。",@f,"HTML,CSS,JavaScript"
"数独游戏","使用HTML5、CSS3和JavaScript创建互动数独游戏。构建简洁可访问的游戏面板和直观控制。实现包含生成算法的难度分级。添加多级辅助的提示系统。包含候选数字笔记功能。实现带暂停恢复的计时器。添加即时反馈的错误检查。支持多档位的游戏存档读取。创建包含胜场、时间和难度的统计面板。添加可打印谜题生成。实现键盘控制和无障碍功能。",@f,"HTML,CSS,JavaScript"
"短链接生成器","使用HTML5、CSS3、JavaScript和后端API构建短链接服务前端。创建包含醒目输入框的简洁界面。实现链接验证和清理。添加短链接二维码生成功能。包含点击追踪和分析仪表盘。支持自定义链接别名。实现链接过期设置。添加敏感链接的密码保护。包含带确认的剪贴板复制。创建全设备响应式设计。添加带搜索和筛选的历史记录。",@f,"HTML,CSS,JavaScript,API"
"国际象棋游戏","使用HTML5、CSS3和JavaScript开发功能丰富的国际象棋游戏。创建包含正确棋子渲染的真实棋盘。实现标准规则和移动验证。添加移动高亮和棋子动画。包含多种时间控制选项的计时器。实现PGN格式导出的记谱功能。添加带移动评估的棋局分析。支持调整难度的AI对手。通过WebRTC或WebSocket实现在线对战。添加开局库和常见模式识别。实现包含积分和淘汰赛的锦标赛模式。",@f,"HTML,CSS,JavaScript"
"PDF阅读器","使用HTML5、CSS3、JavaScript和PDF.js创建网页PDF阅读器。构建包含缩略图和大纲视图的直观导航界面。实现带结果高亮的文本搜索。添加缩放和适应宽度/高度控制。实现文本选择和复制。包含高亮、注释和绘图的标注工具。支持文档旋转和演示模式。添加打印功能和选项。创建全设备响应式设计。显示文档属性和元数据。",@f,"HTML,CSS,JavaScript"
"打字速度测试","使用HTML5、CSS3和JavaScript构建互动打字测试。创建包含文本显示和输入区的简洁界面。实时计算WPM和准确率。添加对应难度的文本分级。包含错误高亮和修正追踪。实现带性能图表的历史记录。支持自定义测试和文本导入。显示按键的虚拟键盘。支持多语言和键盘布局。创建全设备响应式设计。添加带排行榜的竞赛模式。",@f,"HTML,CSS,JavaScript"
"记忆卡牌游戏","使用HTML5、CSS3和JavaScript开发记忆匹配卡牌游戏。创建带翻转动画的视觉化卡牌设计。实现不同网格尺寸和卡牌数量的难度分级。添加计时和步数计数的评分系统。包含卡牌翻转和匹配的音效。实现持久化的排行榜。添加不同卡牌设计的主题选择。支持竞争性多人模式。创建适配屏幕尺寸的响应式布局。添加键盘导航的无障碍功能。实现游戏过程中的渐进式难度提升。",@f,"HTML,CSS,JavaScript"
"网络封包分析器CLI","使用C语言和libpcap创建命令行网络封包分析器。实现带过滤选项的网络接口封包捕获。添加TCP、UDP、HTTP、DNS等常见协议分析。包含带带宽使用和连接数的流量统计。实现包含详细头部信息的封包解码。添加PCAP和CSV格式导出。包含可疑流量模式的警报系统。实现带状态信息的连接追踪。添加IP地址地理定位查询。支持所有选项的命令行参数和合理默认值。实现彩色输出提升可读性。",@f,"C,libpcap"
"文件系统索引器CLI","使用Go语言构建高性能文件系统索引和搜索工具。实现带可配置深度的递归目录遍历。添加包含大小、日期和权限的元数据提取。包含可选全文搜索的内容索引。实现带布尔运算符和通配符的高级查询语法。添加用于性能优化的增量索引。支持JSON和CSV格式导出。实现搜索结果高亮。添加基于校验和的重复文件检测。包含性能统计和进度报告。实现多核并发处理。",@f,"Go"
"内存分析器CLI","使用C语言开发进程内存分析工具。实现低性能损耗的进程附加。添加包含分配追踪的堆分析。包含带堆栈追踪的内存泄漏检测。实现详细统计的内存使用可视化。添加自定义分配器钩子。支持多格式报告生成。实现降噪过滤。添加快照对比功能。包含交互模式的命令行界面。实现信号处理的优雅分离。",@f,"C"
"HTTP基准测试工具CLI","使用Go语言创建高性能HTTP基准测试工具。实现带可配置线程数的并发请求。添加包含延迟、吞吐量和错误率的详细统计。支持HTTP/1.1、HTTP/2和HTTP/3协议。实现自定义头部和Cookie管理。添加动态内容请求模板。包含正则和状态码验证的响应检测。实现证书验证的TLS配置。添加包含渐进和稳定阶段的负载配置。支持百分位数和直方图的详细报告。实现高负载场景的分布式测试模式。",@f,"Go"
"3D赛车游戏","使用Three.js和JavaScript创建刺激的3D赛车游戏。实现包含悬挂、轮胎摩擦和空气动力学的真实车辆物理。创建支持涂装和升级的详细车辆模型。设计包含不同地形和障碍的多赛道。添加不同难度和驾驶行为的AI对手。实现本地分屏多人模式。包含速度、圈速、位置和迷你地图的HUD。创建轮胎烟雾、引擎效果和天气的粒子效果。实现真实光照的昼夜循环。包含计时赛、锦标赛和淘汰赛模式。添加多视角回放系统。",@f,"HTML,CSS,JavaScript,Three.js"
"3D太空探险","使用Three.js和JavaScript构建沉浸式3D太空探险游戏。创建包含程序生成行星、恒星和星云的广阔宇宙。实现基于牛顿物理的飞船控制。添加包含地形生成和大气效果的详细行星表面。创建用于交易和任务的空间站。实现资源收集和货舱管理系统。添加具有独特行为的外星种族。创建虫洞穿越特效。包含飞船定制和升级系统。实现采矿和武器特效的战斗机制。添加包含剧情和目标的任务系统。",@f,"HTML,CSS,JavaScript,Three.js"
"3D第一人称射击游戏","使用Three.js和JavaScript开发第一人称射击游戏。创建包含真实动画和特效的详细武器模型。实现精准命中检测和伤害系统。设计包含不同环境和目标的多关卡。添加带寻路和战斗行为的AI敌人。创建枪口闪光、撞击和爆炸的粒子特效。实现团队目标的多人模式。包含武器拾取和库存系统。添加武器、脚步和环境音效。创建详细计分和统计追踪。实现击杀回放和比赛高光的回放系统。",@f,"HTML,CSS,JavaScript,Three.js"